Contract,_TYPE_,_FREQ_,AverageRevenue,TotalRevenue,Customers
,0,7043,777.14030953,5473399.2,7043
MONTH-TO-MONTH,1,3875,796.78188387,3087529.8,3875
ONE YEAR,1,1473,780.58329939,1149799.2,1473
TWO YEAR,1,1695,729.24495575,1236070.2,1695
